Date,Post
7/15/25,ğŸ§¬ Did you know? MTHFR mutations can impair detox & neurotransmitter balance. One test can change your recovery path. #MTHFR #GenomicHealth
7/16/25,"ğŸš« SSRIs not working? You might carry the SLC6A4 short allele, linked to poor serotonin reuptake. Test, don't guess. #MentalHealth #GeneAware"
7/17/25,ğŸ¥¦ Nutrigenomics 101: COMT Met/Met = emotional flooding. Target with methyl donors like SAM-e. #Biohacking #PrecisionNutrition
7/18/25,âš–ï¸ FAAH gene variants enhance reward sensitivity â€“ making addiction recovery harder. Genomics offers a better way. #AddictionRecovery
7/19/25,ğŸ’Š CYP2D6 poor metabolizers are at risk of opioid overdose. Shouldn't we be screening before prescribing? #Pharmacogenomics
7/20/25,ğŸ§  Low BDNF = Poor neuroplasticity. Therapy not sticking? Your genes might hold the key. #MentalWellness #TraumaInformed
7/21/25,ğŸ’¡ COMT + MAOA mutations? Youâ€™re built like a dopamine rocket. Learn to steer it. #ADHD #Neurodivergent
7/22/25,ğŸ“ˆ Implementing genomic triage could reduce stimulant relapse by 40%. Ready for smarter policy? #PublicHealth #Genomics
7/23/25,ğŸ’¥ Psychedelic therapy isn't one-size-fits-all. HTR2A variants change your risk of panic or psychosis. #Psychedelics #MDMAtherapy
7/24/25,"ğŸŒ Global genomic testing could return $13,000/year per person in better food, meds, and health. Let's scale it. #HealthJustice"
7/25/25,ğŸ§¬ Did you know? MTHFR mutations can impair detox & neurotransmitter balance. One test can change your recovery path. #MTHFR #GenomicHealth
7/26/25,"ğŸš« SSRIs not working? You might carry the SLC6A4 short allele, linked to poor serotonin reuptake. Test, don't guess. #MentalHealth #GeneAware"
7/27/25,ğŸ¥¦ Nutrigenomics 101: COMT Met/Met = emotional flooding. Target with methyl donors like SAM-e. #Biohacking #PrecisionNutrition
7/28/25,âš–ï¸ FAAH gene variants enhance reward sensitivity â€“ making addiction recovery harder. Genomics offers a better way. #AddictionRecovery
7/29/25,ğŸ’Š CYP2D6 poor metabolizers are at risk of opioid overdose. Shouldn't we be screening before prescribing? #Pharmacogenomics
7/30/25,ğŸ§  Low BDNF = Poor neuroplasticity. Therapy not sticking? Your genes might hold the key. #MentalWellness #TraumaInformed
7/31/25,ğŸ’¡ COMT + MAOA mutations? Youâ€™re built like a dopamine rocket. Learn to steer it. #ADHD #Neurodivergent
8/1/25,ğŸ“ˆ Implementing genomic triage could reduce stimulant relapse by 40%. Ready for smarter policy? #PublicHealth #Genomics
8/2/25,ğŸ’¥ Psychedelic therapy isn't one-size-fits-all. HTR2A variants change your risk of panic or psychosis. #Psychedelics #MDMAtherapy
8/3/25,"ğŸŒ Global genomic testing could return $13,000/year per person in better food, meds, and health. Let's scale it. #HealthJustice"
8/4/25,ğŸ§¬ Did you know? MTHFR mutations can impair detox & neurotransmitter balance. One test can change your recovery path. #MTHFR #GenomicHealth
8/5/25,"ğŸš« SSRIs not working? You might carry the SLC6A4 short allele, linked to poor serotonin reuptake. Test, don't guess. #MentalHealth #GeneAware"
8/6/25,ğŸ¥¦ Nutrigenomics 101: COMT Met/Met = emotional flooding. Target with methyl donors like SAM-e. #Biohacking #PrecisionNutrition
8/7/25,âš–ï¸ FAAH gene variants enhance reward sensitivity â€“ making addiction recovery harder. Genomics offers a better way. #AddictionRecovery
8/8/25,ğŸ’Š CYP2D6 poor metabolizers are at risk of opioid overdose. Shouldn't we be screening before prescribing? #Pharmacogenomics
8/9/25,ğŸ§  Low BDNF = Poor neuroplasticity. Therapy not sticking? Your genes might hold the key. #MentalWellness #TraumaInformed
8/10/25,ğŸ’¡ COMT + MAOA mutations? Youâ€™re built like a dopamine rocket. Learn to steer it. #ADHD #Neurodivergent
8/11/25,ğŸ“ˆ Implementing genomic triage could reduce stimulant relapse by 40%. Ready for smarter policy? #PublicHealth #Genomics
8/12/25,ğŸ’¥ Psychedelic therapy isn't one-size-fits-all. HTR2A variants change your risk of panic or psychosis. #Psychedelics #MDMAtherapy
8/13/25,"ğŸŒ Global genomic testing could return $13,000/year per person in better food, meds, and health. Let's scale it. #HealthJustice"
8/14/25,ğŸ§¬ Did you know? MTHFR mutations can impair detox & neurotransmitter balance. One test can change your recovery path. #MTHFR #GenomicHealth
8/15/25,"ğŸš« SSRIs not working? You might carry the SLC6A4 short allele, linked to poor serotonin reuptake. Test, don't guess. #MentalHealth #GeneAware"
8/16/25,ğŸ¥¦ Nutrigenomics 101: COMT Met/Met = emotional flooding. Target with methyl donors like SAM-e. #Biohacking #PrecisionNutrition
8/17/25,âš–ï¸ FAAH gene variants enhance reward sensitivity â€“ making addiction recovery harder. Genomics offers a better way. #AddictionRecovery
8/18/25,ğŸ’Š CYP2D6 poor metabolizers are at risk of opioid overdose. Shouldn't we be screening before prescribing? #Pharmacogenomics
8/19/25,ğŸ§  Low BDNF = Poor neuroplasticity. Therapy not sticking? Your genes might hold the key. #MentalWellness #TraumaInformed
8/20/25,ğŸ’¡ COMT + MAOA mutations? Youâ€™re built like a dopamine rocket. Learn to steer it. #ADHD #Neurodivergent
8/21/25,ğŸ“ˆ Implementing genomic triage could reduce stimulant relapse by 40%. Ready for smarter policy? #PublicHealth #Genomics
8/22/25,ğŸ’¥ Psychedelic therapy isn't one-size-fits-all. HTR2A variants change your risk of panic or psychosis. #Psychedelics #MDMAtherapy
8/23/25,"ğŸŒ Global genomic testing could return $13,000/year per person in better food, meds, and health. Let's scale it. #HealthJustice"
8/24/25,ğŸ§¬ Did you know? MTHFR mutations can impair detox & neurotransmitter balance. One test can change your recovery path. #MTHFR #GenomicHealth
8/25/25,"ğŸš« SSRIs not working? You might carry the SLC6A4 short allele, linked to poor serotonin reuptake. Test, don't guess. #MentalHealth #GeneAware"
8/26/25,ğŸ¥¦ Nutrigenomics 101: COMT Met/Met = emotional flooding. Target with methyl donors like SAM-e. #Biohacking #PrecisionNutrition
8/27/25,âš–ï¸ FAAH gene variants enhance reward sensitivity â€“ making addiction recovery harder. Genomics offers a better way. #AddictionRecovery
8/28/25,ğŸ’Š CYP2D6 poor metabolizers are at risk of opioid overdose. Shouldn't we be screening before prescribing? #Pharmacogenomics
8/29/25,ğŸ§  Low BDNF = Poor neuroplasticity. Therapy not sticking? Your genes might hold the key. #MentalWellness #TraumaInformed
8/30/25,ğŸ’¡ COMT + MAOA mutations? Youâ€™re built like a dopamine rocket. Learn to steer it. #ADHD #Neurodivergent
8/31/25,ğŸ“ˆ Implementing genomic triage could reduce stimulant relapse by 40%. Ready for smarter policy? #PublicHealth #Genomics
9/1/25,ğŸ’¥ Psychedelic therapy isn't one-size-fits-all. HTR2A variants change your risk of panic or psychosis. #Psychedelics #MDMAtherapy
9/2/25,"ğŸŒ Global genomic testing could return $13,000/year per person in better food, meds, and health. Let's scale it. #HealthJustice"
9/3/25,ğŸ§¬ Did you know? MTHFR mutations can impair detox & neurotransmitter balance. One test can change your recovery path. #MTHFR #GenomicHealth
9/4/25,"ğŸš« SSRIs not working? You might carry the SLC6A4 short allele, linked to poor serotonin reuptake. Test, don't guess. #MentalHealth #GeneAware"
9/5/25,ğŸ¥¦ Nutrigenomics 101: COMT Met/Met = emotional flooding. Target with methyl donors like SAM-e. #Biohacking #PrecisionNutrition
9/6/25,âš–ï¸ FAAH gene variants enhance reward sensitivity â€“ making addiction recovery harder. Genomics offers a better way. #AddictionRecovery
9/7/25,ğŸ’Š CYP2D6 poor metabolizers are at risk of opioid overdose. Shouldn't we be screening before prescribing? #Pharmacogenomics
9/8/25,ğŸ§  Low BDNF = Poor neuroplasticity. Therapy not sticking? Your genes might hold the key. #MentalWellness #TraumaInformed
9/9/25,ğŸ’¡ COMT + MAOA mutations? Youâ€™re built like a dopamine rocket. Learn to steer it. #ADHD #Neurodivergent
9/10/25,ğŸ“ˆ Implementing genomic triage could reduce stimulant relapse by 40%. Ready for smarter policy? #PublicHealth #Genomics
9/11/25,ğŸ’¥ Psychedelic therapy isn't one-size-fits-all. HTR2A variants change your risk of panic or psychosis. #Psychedelics #MDMAtherapy
9/12/25,"ğŸŒ Global genomic testing could return $13,000/year per person in better food, meds, and health. Let's scale it. #HealthJustice"
9/13/25,ğŸ§¬ Did you know? MTHFR mutations can impair detox & neurotransmitter balance. One test can change your recovery path. #MTHFR #GenomicHealth
9/14/25,"ğŸš« SSRIs not working? You might carry the SLC6A4 short allele, linked to poor serotonin reuptake. Test, don't guess. #MentalHealth #GeneAware"
9/15/25,ğŸ¥¦ Nutrigenomics 101: COMT Met/Met = emotional flooding. Target with methyl donors like SAM-e. #Biohacking #PrecisionNutrition
9/16/25,âš–ï¸ FAAH gene variants enhance reward sensitivity â€“ making addiction recovery harder. Genomics offers a better way. #AddictionRecovery
9/17/25,ğŸ’Š CYP2D6 poor metabolizers are at risk of opioid overdose. Shouldn't we be screening before prescribing? #Pharmacogenomics
9/18/25,ğŸ§  Low BDNF = Poor neuroplasticity. Therapy not sticking? Your genes might hold the key. #MentalWellness #TraumaInformed
9/19/25,ğŸ’¡ COMT + MAOA mutations? Youâ€™re built like a dopamine rocket. Learn to steer it. #ADHD #Neurodivergent
9/20/25,ğŸ“ˆ Implementing genomic triage could reduce stimulant relapse by 40%. Ready for smarter policy? #PublicHealth #Genomics
9/21/25,ğŸ’¥ Psychedelic therapy isn't one-size-fits-all. HTR2A variants change your risk of panic or psychosis. #Psychedelics #MDMAtherapy
9/22/25,"ğŸŒ Global genomic testing could return $13,000/year per person in better food, meds, and health. Let's scale it. #HealthJustice"
9/23/25,ğŸ§¬ Did you know? MTHFR mutations can impair detox & neurotransmitter balance. One test can change your recovery path. #MTHFR #GenomicHealth
9/24/25,"ğŸš« SSRIs not working? You might carry the SLC6A4 short allele, linked to poor serotonin reuptake. Test, don't guess. #MentalHealth #GeneAware"
9/25/25,ğŸ¥¦ Nutrigenomics 101: COMT Met/Met = emotional flooding. Target with methyl donors like SAM-e. #Biohacking #PrecisionNutrition
9/26/25,âš–ï¸ FAAH gene variants enhance reward sensitivity â€“ making addiction recovery harder. Genomics offers a better way. #AddictionRecovery
9/27/25,ğŸ’Š CYP2D6 poor metabolizers are at risk of opioid overdose. Shouldn't we be screening before prescribing? #Pharmacogenomics
9/28/25,ğŸ§  Low BDNF = Poor neuroplasticity. Therapy not sticking? Your genes might hold the key. #MentalWellness #TraumaInformed
9/29/25,ğŸ’¡ COMT + MAOA mutations? Youâ€™re built like a dopamine rocket. Learn to steer it. #ADHD #Neurodivergent
9/30/25,ğŸ“ˆ Implementing genomic triage could reduce stimulant relapse by 40%. Ready for smarter policy? #PublicHealth #Genomics
10/1/25,ğŸ’¥ Psychedelic therapy isn't one-size-fits-all. HTR2A variants change your risk of panic or psychosis. #Psychedelics #MDMAtherapy
10/2/25,"ğŸŒ Global genomic testing could return $13,000/year per person in better food, meds, and health. Let's scale it. #HealthJustice"
10/3/25,ğŸ§¬ Did you know? MTHFR mutations can impair detox & neurotransmitter balance. One test can change your recovery path. #MTHFR #GenomicHealth
10/4/25,"ğŸš« SSRIs not working? You might carry the SLC6A4 short allele, linked to poor serotonin reuptake. Test, don't guess. #MentalHealth #GeneAware"
10/5/25,ğŸ¥¦ Nutrigenomics 101: COMT Met/Met = emotional flooding. Target with methyl donors like SAM-e. #Biohacking #PrecisionNutrition
10/6/25,âš–ï¸ FAAH gene variants enhance reward sensitivity â€“ making addiction recovery harder. Genomics offers a better way. #AddictionRecovery
10/7/25,ğŸ’Š CYP2D6 poor metabolizers are at risk of opioid overdose. Shouldn't we be screening before prescribing? #Pharmacogenomics
10/8/25,ğŸ§  Low BDNF = Poor neuroplasticity. Therapy not sticking? Your genes might hold the key. #MentalWellness #TraumaInformed
10/9/25,ğŸ’¡ COMT + MAOA mutations? Youâ€™re built like a dopamine rocket. Learn to steer it. #ADHD #Neurodivergent
10/10/25,ğŸ“ˆ Implementing genomic triage could reduce stimulant relapse by 40%. Ready for smarter policy? #PublicHealth #Genomics
10/11/25,ğŸ’¥ Psychedelic therapy isn't one-size-fits-all. HTR2A variants change your risk of panic or psychosis. #Psychedelics #MDMAtherapy
10/12/25,"ğŸŒ Global genomic testing could return $13,000/year per person in better food, meds, and health. Let's scale it. #HealthJustice"
10/13/25,ğŸ§¬ Did you know? MTHFR mutations can impair detox & neurotransmitter balance. One test can change your recovery path. #MTHFR #GenomicHealth
10/14/25,"ğŸš« SSRIs not working? You might carry the SLC6A4 short allele, linked to poor serotonin reuptake. Test, don't guess. #MentalHealth #GeneAware"
10/15/25,ğŸ¥¦ Nutrigenomics 101: COMT Met/Met = emotional flooding. Target with methyl donors like SAM-e. #Biohacking #PrecisionNutrition
10/16/25,âš–ï¸ FAAH gene variants enhance reward sensitivity â€“ making addiction recovery harder. Genomics offers a better way. #AddictionRecovery
10/17/25,ğŸ’Š CYP2D6 poor metabolizers are at risk of opioid overdose. Shouldn't we be screening before prescribing? #Pharmacogenomics
10/18/25,ğŸ§  Low BDNF = Poor neuroplasticity. Therapy not sticking? Your genes might hold the key. #MentalWellness #TraumaInformed
10/19/25,ğŸ’¡ COMT + MAOA mutations? Youâ€™re built like a dopamine rocket. Learn to steer it. #ADHD #Neurodivergent
10/20/25,ğŸ“ˆ Implementing genomic triage could reduce stimulant relapse by 40%. Ready for smarter policy? #PublicHealth #Genomics
10/21/25,ğŸ’¥ Psychedelic therapy isn't one-size-fits-all. HTR2A variants change your risk of panic or psychosis. #Psychedelics #MDMAtherapy
10/22/25,"ğŸŒ Global genomic testing could return $13,000/year per person in better food, meds, and health. Let's scale it. #HealthJustice"
10/23/25,ğŸ§¬ Did you know? MTHFR mutations can impair detox & neurotransmitter balance. One test can change your recovery path. #MTHFR #GenomicHealth
10/24/25,"ğŸš« SSRIs not working? You might carry the SLC6A4 short allele, linked to poor serotonin reuptake. Test, don't guess. #MentalHealth #GeneAware"
10/25/25,ğŸ¥¦ Nutrigenomics 101: COMT Met/Met = emotional flooding. Target with methyl donors like SAM-e. #Biohacking #PrecisionNutrition
10/26/25,âš–ï¸ FAAH gene variants enhance reward sensitivity â€“ making addiction recovery harder. Genomics offers a better way. #AddictionRecovery
10/27/25,ğŸ’Š CYP2D6 poor metabolizers are at risk of opioid overdose. Shouldn't we be screening before prescribing? #Pharmacogenomics
10/28/25,ğŸ§  Low BDNF = Poor neuroplasticity. Therapy not sticking? Your genes might hold the key. #MentalWellness #TraumaInformed
10/29/25,ğŸ’¡ COMT + MAOA mutations? Youâ€™re built like a dopamine rocket. Learn to steer it. #ADHD #Neurodivergent
10/30/25,ğŸ“ˆ Implementing genomic triage could reduce stimulant relapse by 40%. Ready for smarter policy? #PublicHealth #Genomics
10/31/25,ğŸ’¥ Psychedelic therapy isn't one-size-fits-all. HTR2A variants change your risk of panic or psychosis. #Psychedelics #MDMAtherapy
11/1/25,"ğŸŒ Global genomic testing could return $13,000/year per person in better food, meds, and health. Let's scale it. #HealthJustice"
11/2/25,ğŸ§¬ Did you know? MTHFR mutations can impair detox & neurotransmitter balance. One test can change your recovery path. #MTHFR #GenomicHealth
11/3/25,"ğŸš« SSRIs not working? You might carry the SLC6A4 short allele, linked to poor serotonin reuptake. Test, don't guess. #MentalHealth #GeneAware"
11/4/25,ğŸ¥¦ Nutrigenomics 101: COMT Met/Met = emotional flooding. Target with methyl donors like SAM-e. #Biohacking #PrecisionNutrition
11/5/25,âš–ï¸ FAAH gene variants enhance reward sensitivity â€“ making addiction recovery harder. Genomics offers a better way. #AddictionRecovery
11/6/25,ğŸ’Š CYP2D6 poor metabolizers are at risk of opioid overdose. Shouldn't we be screening before prescribing? #Pharmacogenomics
11/7/25,ğŸ§  Low BDNF = Poor neuroplasticity. Therapy not sticking? Your genes might hold the key. #MentalWellness #TraumaInformed
11/8/25,ğŸ’¡ COMT + MAOA mutations? Youâ€™re built like a dopamine rocket. Learn to steer it. #ADHD #Neurodivergent
11/9/25,ğŸ“ˆ Implementing genomic triage could reduce stimulant relapse by 40%. Ready for smarter policy? #PublicHealth #Genomics
11/10/25,ğŸ’¥ Psychedelic therapy isn't one-size-fits-all. HTR2A variants change your risk of panic or psychosis. #Psychedelics #MDMAtherapy
11/11/25,"ğŸŒ Global genomic testing could return $13,000/year per person in better food, meds, and health. Let's scale it. #HealthJustice"
11/12/25,ğŸ§¬ Did you know? MTHFR mutations can impair detox & neurotransmitter balance. One test can change your recovery path. #MTHFR #GenomicHealth
11/13/25,"ğŸš« SSRIs not working? You might carry the SLC6A4 short allele, linked to poor serotonin reuptake. Test, don't guess. #MentalHealth #GeneAware"
11/14/25,ğŸ¥¦ Nutrigenomics 101: COMT Met/Met = emotional flooding. Target with methyl donors like SAM-e. #Biohacking #PrecisionNutrition
11/15/25,âš–ï¸ FAAH gene variants enhance reward sensitivity â€“ making addiction recovery harder. Genomics offers a better way. #AddictionRecovery
11/16/25,ğŸ’Š CYP2D6 poor metabolizers are at risk of opioid overdose. Shouldn't we be screening before prescribing? #Pharmacogenomics
11/17/25,ğŸ§  Low BDNF = Poor neuroplasticity. Therapy not sticking? Your genes might hold the key. #MentalWellness #TraumaInformed
11/18/25,ğŸ’¡ COMT + MAOA mutations? Youâ€™re built like a dopamine rocket. Learn to steer it. #ADHD #Neurodivergent
11/19/25,ğŸ“ˆ Implementing genomic triage could reduce stimulant relapse by 40%. Ready for smarter policy? #PublicHealth #Genomics
11/20/25,ğŸ’¥ Psychedelic therapy isn't one-size-fits-all. HTR2A variants change your risk of panic or psychosis. #Psychedelics #MDMAtherapy
11/21/25,"ğŸŒ Global genomic testing could return $13,000/year per person in better food, meds, and health. Let's scale it. #HealthJustice"
11/22/25,ğŸ§¬ Did you know? MTHFR mutations can impair detox & neurotransmitter balance. One test can change your recovery path. #MTHFR #GenomicHealth
11/23/25,"ğŸš« SSRIs not working? You might carry the SLC6A4 short allele, linked to poor serotonin reuptake. Test, don't guess. #MentalHealth #GeneAware"
11/24/25,ğŸ¥¦ Nutrigenomics 101: COMT Met/Met = emotional flooding. Target with methyl donors like SAM-e. #Biohacking #PrecisionNutrition
11/25/25,âš–ï¸ FAAH gene variants enhance reward sensitivity â€“ making addiction recovery harder. Genomics offers a better way. #AddictionRecovery
11/26/25,ğŸ’Š CYP2D6 poor metabolizers are at risk of opioid overdose. Shouldn't we be screening before prescribing? #Pharmacogenomics
11/27/25,ğŸ§  Low BDNF = Poor neuroplasticity. Therapy not sticking? Your genes might hold the key. #MentalWellness #TraumaInformed
11/28/25,ğŸ’¡ COMT + MAOA mutations? Youâ€™re built like a dopamine rocket. Learn to steer it. #ADHD #Neurodivergent
11/29/25,ğŸ“ˆ Implementing genomic triage could reduce stimulant relapse by 40%. Ready for smarter policy? #PublicHealth #Genomics
11/30/25,ğŸ’¥ Psychedelic therapy isn't one-size-fits-all. HTR2A variants change your risk of panic or psychosis. #Psychedelics #MDMAtherapy
12/1/25,"ğŸŒ Global genomic testing could return $13,000/year per person in better food, meds, and health. Let's scale it. #HealthJustice"
12/2/25,ğŸ§¬ Did you know? MTHFR mutations can impair detox & neurotransmitter balance. One test can change your recovery path. #MTHFR #GenomicHealth
12/3/25,"ğŸš« SSRIs not working? You might carry the SLC6A4 short allele, linked to poor serotonin reuptake. Test, don't guess. #MentalHealth #GeneAware"
12/4/25,ğŸ¥¦ Nutrigenomics 101: COMT Met/Met = emotional flooding. Target with methyl donors like SAM-e. #Biohacking #PrecisionNutrition
12/5/25,âš–ï¸ FAAH gene variants enhance reward sensitivity â€“ making addiction recovery harder. Genomics offers a better way. #AddictionRecovery
12/6/25,ğŸ’Š CYP2D6 poor metabolizers are at risk of opioid overdose. Shouldn't we be screening before prescribing? #Pharmacogenomics
12/7/25,ğŸ§  Low BDNF = Poor neuroplasticity. Therapy not sticking? Your genes might hold the key. #MentalWellness #TraumaInformed
12/8/25,ğŸ’¡ COMT + MAOA mutations? Youâ€™re built like a dopamine rocket. Learn to steer it. #ADHD #Neurodivergent
12/9/25,ğŸ“ˆ Implementing genomic triage could reduce stimulant relapse by 40%. Ready for smarter policy? #PublicHealth #Genomics
12/10/25,ğŸ’¥ Psychedelic therapy isn't one-size-fits-all. HTR2A variants change your risk of panic or psychosis. #Psychedelics #MDMAtherapy
12/11/25,"ğŸŒ Global genomic testing could return $13,000/year per person in better food, meds, and health. Let's scale it. #HealthJustice"
12/12/25,ğŸ§¬ Did you know? MTHFR mutations can impair detox & neurotransmitter balance. One test can change your recovery path. #MTHFR #GenomicHealth
12/13/25,"ğŸš« SSRIs not working? You might carry the SLC6A4 short allele, linked to poor serotonin reuptake. Test, don't guess. #MentalHealth #GeneAware"
12/14/25,ğŸ¥¦ Nutrigenomics 101: COMT Met/Met = emotional flooding. Target with methyl donors like SAM-e. #Biohacking #PrecisionNutrition
12/15/25,âš–ï¸ FAAH gene variants enhance reward sensitivity â€“ making addiction recovery harder. Genomics offers a better way. #AddictionRecovery
12/16/25,ğŸ’Š CYP2D6 poor metabolizers are at risk of opioid overdose. Shouldn't we be screening before prescribing? #Pharmacogenomics
12/17/25,ğŸ§  Low BDNF = Poor neuroplasticity. Therapy not sticking? Your genes might hold the key. #MentalWellness #TraumaInformed
12/18/25,ğŸ’¡ COMT + MAOA mutations? Youâ€™re built like a dopamine rocket. Learn to steer it. #ADHD #Neurodivergent
12/19/25,ğŸ“ˆ Implementing genomic triage could reduce stimulant relapse by 40%. Ready for smarter policy? #PublicHealth #Genomics
12/20/25,ğŸ’¥ Psychedelic therapy isn't one-size-fits-all. HTR2A variants change your risk of panic or psychosis. #Psychedelics #MDMAtherapy
12/21/25,"ğŸŒ Global genomic testing could return $13,000/year per person in better food, meds, and health. Let's scale it. #HealthJustice"
12/22/25,ğŸ§¬ Did you know? MTHFR mutations can impair detox & neurotransmitter balance. One test can change your recovery path. #MTHFR #GenomicHealth
12/23/25,"ğŸš« SSRIs not working? You might carry the SLC6A4 short allele, linked to poor serotonin reuptake. Test, don't guess. #MentalHealth #GeneAware"
12/24/25,ğŸ¥¦ Nutrigenomics 101: COMT Met/Met = emotional flooding. Target with methyl donors like SAM-e. #Biohacking #PrecisionNutrition
12/25/25,âš–ï¸ FAAH gene variants enhance reward sensitivity â€“ making addiction recovery harder. Genomics offers a better way. #AddictionRecovery
12/26/25,ğŸ’Š CYP2D6 poor metabolizers are at risk of opioid overdose. Shouldn't we be screening before prescribing? #Pharmacogenomics
12/27/25,ğŸ§  Low BDNF = Poor neuroplasticity. Therapy not sticking? Your genes might hold the key. #MentalWellness #TraumaInformed
12/28/25,ğŸ’¡ COMT + MAOA mutations? Youâ€™re built like a dopamine rocket. Learn to steer it. #ADHD #Neurodivergent
12/29/25,ğŸ“ˆ Implementing genomic triage could reduce stimulant relapse by 40%. Ready for smarter policy? #PublicHealth #Genomics
12/30/25,ğŸ’¥ Psychedelic therapy isn't one-size-fits-all. HTR2A variants change your risk of panic or psychosis. #Psychedelics #MDMAtherapy
12/31/25,"ğŸŒ Global genomic testing could return $13,000/year per person in better food, meds, and health. Let's scale it. #HealthJustice"
1/1/26,ğŸ§¬ Did you know? MTHFR mutations can impair detox & neurotransmitter balance. One test can change your recovery path. #MTHFR #GenomicHealth
1/2/26,"ğŸš« SSRIs not working? You might carry the SLC6A4 short allele, linked to poor serotonin reuptake. Test, don't guess. #MentalHealth #GeneAware"
1/3/26,ğŸ¥¦ Nutrigenomics 101: COMT Met/Met = emotional flooding. Target with methyl donors like SAM-e. #Biohacking #PrecisionNutrition
1/4/26,âš–ï¸ FAAH gene variants enhance reward sensitivity â€“ making addiction recovery harder. Genomics offers a better way. #AddictionRecovery
1/5/26,ğŸ’Š CYP2D6 poor metabolizers are at risk of opioid overdose. Shouldn't we be screening before prescribing? #Pharmacogenomics
1/6/26,ğŸ§  Low BDNF = Poor neuroplasticity. Therapy not sticking? Your genes might hold the key. #MentalWellness #TraumaInformed
1/7/26,ğŸ’¡ COMT + MAOA mutations? Youâ€™re built like a dopamine rocket. Learn to steer it. #ADHD #Neurodivergent
1/8/26,ğŸ“ˆ Implementing genomic triage could reduce stimulant relapse by 40%. Ready for smarter policy? #PublicHealth #Genomics
1/9/26,ğŸ’¥ Psychedelic therapy isn't one-size-fits-all. HTR2A variants change your risk of panic or psychosis. #Psychedelics #MDMAtherapy
1/10/26,"ğŸŒ Global genomic testing could return $13,000/year per person in better food, meds, and health. Let's scale it. #HealthJustice"
1/11/26,ğŸ§¬ Did you know? MTHFR mutations can impair detox & neurotransmitter balance. One test can change your recovery path. #MTHFR #GenomicHealth
1/12/26,"ğŸš« SSRIs not working? You might carry the SLC6A4 short allele, linked to poor serotonin reuptake. Test, don't guess. #MentalHealth #GeneAware"
1/13/26,ğŸ¥¦ Nutrigenomics 101: COMT Met/Met = emotional flooding. Target with methyl donors like SAM-e. #Biohacking #PrecisionNutrition
1/14/26,âš–ï¸ FAAH gene variants enhance reward sensitivity â€“ making addiction recovery harder. Genomics offers a better way. #AddictionRecovery
1/15/26,ğŸ’Š CYP2D6 poor metabolizers are at risk of opioid overdose. Shouldn't we be screening before prescribing? #Pharmacogenomics
1/16/26,ğŸ§  Low BDNF = Poor neuroplasticity. Therapy not sticking? Your genes might hold the key. #MentalWellness #TraumaInformed
1/17/26,ğŸ’¡ COMT + MAOA mutations? Youâ€™re built like a dopamine rocket. Learn to steer it. #ADHD #Neurodivergent
1/18/26,ğŸ“ˆ Implementing genomic triage could reduce stimulant relapse by 40%. Ready for smarter policy? #PublicHealth #Genomics
1/19/26,ğŸ’¥ Psychedelic therapy isn't one-size-fits-all. HTR2A variants change your risk of panic or psychosis. #Psychedelics #MDMAtherapy
1/20/26,"ğŸŒ Global genomic testing could return $13,000/year per person in better food, meds, and health. Let's scale it. #HealthJustice"
1/21/26,ğŸ§¬ Did you know? MTHFR mutations can impair detox & neurotransmitter balance. One test can change your recovery path. #MTHFR #GenomicHealth
1/22/26,"ğŸš« SSRIs not working? You might carry the SLC6A4 short allele, linked to poor serotonin reuptake. Test, don't guess. #MentalHealth #GeneAware"
1/23/26,ğŸ¥¦ Nutrigenomics 101: COMT Met/Met = emotional flooding. Target with methyl donors like SAM-e. #Biohacking #PrecisionNutrition
1/24/26,âš–ï¸ FAAH gene variants enhance reward sensitivity â€“ making addiction recovery harder. Genomics offers a better way. #AddictionRecovery
1/25/26,ğŸ’Š CYP2D6 poor metabolizers are at risk of opioid overdose. Shouldn't we be screening before prescribing? #Pharmacogenomics
1/26/26,ğŸ§  Low BDNF = Poor neuroplasticity. Therapy not sticking? Your genes might hold the key. #MentalWellness #TraumaInformed
1/27/26,ğŸ’¡ COMT + MAOA mutations? Youâ€™re built like a dopamine rocket. Learn to steer it. #ADHD #Neurodivergent
1/28/26,ğŸ“ˆ Implementing genomic triage could reduce stimulant relapse by 40%. Ready for smarter policy? #PublicHealth #Genomics
1/29/26,ğŸ’¥ Psychedelic therapy isn't one-size-fits-all. HTR2A variants change your risk of panic or psychosis. #Psychedelics #MDMAtherapy
1/30/26,"ğŸŒ Global genomic testing could return $13,000/year per person in better food, meds, and health. Let's scale it. #HealthJustice"
1/31/26,ğŸ§¬ Did you know? MTHFR mutations can impair detox & neurotransmitter balance. One test can change your recovery path. #MTHFR #GenomicHealth
2/1/26,"ğŸš« SSRIs not working? You might carry the SLC6A4 short allele, linked to poor serotonin reuptake. Test, don't guess. #MentalHealth #GeneAware"
2/2/26,ğŸ¥¦ Nutrigenomics 101: COMT Met/Met = emotional flooding. Target with methyl donors like SAM-e. #Biohacking #PrecisionNutrition
2/3/26,âš–ï¸ FAAH gene variants enhance reward sensitivity â€“ making addiction recovery harder. Genomics offers a better way. #AddictionRecovery
2/4/26,ğŸ’Š CYP2D6 poor metabolizers are at risk of opioid overdose. Shouldn't we be screening before prescribing? #Pharmacogenomics
2/5/26,ğŸ§  Low BDNF = Poor neuroplasticity. Therapy not sticking? Your genes might hold the key. #MentalWellness #TraumaInformed
2/6/26,ğŸ’¡ COMT + MAOA mutations? Youâ€™re built like a dopamine rocket. Learn to steer it. #ADHD #Neurodivergent
2/7/26,ğŸ“ˆ Implementing genomic triage could reduce stimulant relapse by 40%. Ready for smarter policy? #PublicHealth #Genomics
2/8/26,ğŸ’¥ Psychedelic therapy isn't one-size-fits-all. HTR2A variants change your risk of panic or psychosis. #Psychedelics #MDMAtherapy
2/9/26,"ğŸŒ Global genomic testing could return $13,000/year per person in better food, meds, and health. Let's scale it. #HealthJustice"
2/10/26,ğŸ§¬ Did you know? MTHFR mutations can impair detox & neurotransmitter balance. One test can change your recovery path. #MTHFR #GenomicHealth
2/11/26,"ğŸš« SSRIs not working? You might carry the SLC6A4 short allele, linked to poor serotonin reuptake. Test, don't guess. #MentalHealth #GeneAware"
2/12/26,ğŸ¥¦ Nutrigenomics 101: COMT Met/Met = emotional flooding. Target with methyl donors like SAM-e. #Biohacking #PrecisionNutrition
2/13/26,âš–ï¸ FAAH gene variants enhance reward sensitivity â€“ making addiction recovery harder. Genomics offers a better way. #AddictionRecovery
2/14/26,ğŸ’Š CYP2D6 poor metabolizers are at risk of opioid overdose. Shouldn't we be screening before prescribing? #Pharmacogenomics
2/15/26,ğŸ§  Low BDNF = Poor neuroplasticity. Therapy not sticking? Your genes might hold the key. #MentalWellness #TraumaInformed
2/16/26,ğŸ’¡ COMT + MAOA mutations? Youâ€™re built like a dopamine rocket. Learn to steer it. #ADHD #Neurodivergent
2/17/26,ğŸ“ˆ Implementing genomic triage could reduce stimulant relapse by 40%. Ready for smarter policy? #PublicHealth #Genomics
2/18/26,ğŸ’¥ Psychedelic therapy isn't one-size-fits-all. HTR2A variants change your risk of panic or psychosis. #Psychedelics #MDMAtherapy
2/19/26,"ğŸŒ Global genomic testing could return $13,000/year per person in better food, meds, and health. Let's scale it. #HealthJustice"
2/20/26,ğŸ§¬ Did you know? MTHFR mutations can impair detox & neurotransmitter balance. One test can change your recovery path. #MTHFR #GenomicHealth
2/21/26,"ğŸš« SSRIs not working? You might carry the SLC6A4 short allele, linked to poor serotonin reuptake. Test, don't guess. #MentalHealth #GeneAware"
2/22/26,ğŸ¥¦ Nutrigenomics 101: COMT Met/Met = emotional flooding. Target with methyl donors like SAM-e. #Biohacking #PrecisionNutrition
2/23/26,âš–ï¸ FAAH gene variants enhance reward sensitivity â€“ making addiction recovery harder. Genomics offers a better way. #AddictionRecovery
2/24/26,ğŸ’Š CYP2D6 poor metabolizers are at risk of opioid overdose. Shouldn't we be screening before prescribing? #Pharmacogenomics
2/25/26,ğŸ§  Low BDNF = Poor neuroplasticity. Therapy not sticking? Your genes might hold the key. #MentalWellness #TraumaInformed
2/26/26,ğŸ’¡ COMT + MAOA mutations? Youâ€™re built like a dopamine rocket. Learn to steer it. #ADHD #Neurodivergent
2/27/26,ğŸ“ˆ Implementing genomic triage could reduce stimulant relapse by 40%. Ready for smarter policy? #PublicHealth #Genomics
2/28/26,ğŸ’¥ Psychedelic therapy isn't one-size-fits-all. HTR2A variants change your risk of panic or psychosis. #Psychedelics #MDMAtherapy
3/1/26,"ğŸŒ Global genomic testing could return $13,000/year per person in better food, meds, and health. Let's scale it. #HealthJustice"
3/2/26,ğŸ§¬ Did you know? MTHFR mutations can impair detox & neurotransmitter balance. One test can change your recovery path. #MTHFR #GenomicHealth
3/3/26,"ğŸš« SSRIs not working? You might carry the SLC6A4 short allele, linked to poor serotonin reuptake. Test, don't guess. #MentalHealth #GeneAware"
3/4/26,ğŸ¥¦ Nutrigenomics 101: COMT Met/Met = emotional flooding. Target with methyl donors like SAM-e. #Biohacking #PrecisionNutrition
3/5/26,âš–ï¸ FAAH gene variants enhance reward sensitivity â€“ making addiction recovery harder. Genomics offers a better way. #AddictionRecovery
3/6/26,ğŸ’Š CYP2D6 poor metabolizers are at risk of opioid overdose. Shouldn't we be screening before prescribing? #Pharmacogenomics
3/7/26,ğŸ§  Low BDNF = Poor neuroplasticity. Therapy not sticking? Your genes might hold the key. #MentalWellness #TraumaInformed
3/8/26,ğŸ’¡ COMT + MAOA mutations? Youâ€™re built like a dopamine rocket. Learn to steer it. #ADHD #Neurodivergent
3/9/26,ğŸ“ˆ Implementing genomic triage could reduce stimulant relapse by 40%. Ready for smarter policy? #PublicHealth #Genomics
3/10/26,ğŸ’¥ Psychedelic therapy isn't one-size-fits-all. HTR2A variants change your risk of panic or psychosis. #Psychedelics #MDMAtherapy
3/11/26,"ğŸŒ Global genomic testing could return $13,000/year per person in better food, meds, and health. Let's scale it. #HealthJustice"
3/12/26,ğŸ§¬ Did you know? MTHFR mutations can impair detox & neurotransmitter balance. One test can change your recovery path. #MTHFR #GenomicHealth
3/13/26,"ğŸš« SSRIs not working? You might carry the SLC6A4 short allele, linked to poor serotonin reuptake. Test, don't guess. #MentalHealth #GeneAware"
3/14/26,ğŸ¥¦ Nutrigenomics 101: COMT Met/Met = emotional flooding. Target with methyl donors like SAM-e. #Biohacking #PrecisionNutrition
3/15/26,âš–ï¸ FAAH gene variants enhance reward sensitivity â€“ making addiction recovery harder. Genomics offers a better way. #AddictionRecovery
3/16/26,ğŸ’Š CYP2D6 poor metabolizers are at risk of opioid overdose. Shouldn't we be screening before prescribing? #Pharmacogenomics
3/17/26,ğŸ§  Low BDNF = Poor neuroplasticity. Therapy not sticking? Your genes might hold the key. #MentalWellness #TraumaInformed
3/18/26,ğŸ’¡ COMT + MAOA mutations? Youâ€™re built like a dopamine rocket. Learn to steer it. #ADHD #Neurodivergent
3/19/26,ğŸ“ˆ Implementing genomic triage could reduce stimulant relapse by 40%. Ready for smarter policy? #PublicHealth #Genomics
3/20/26,ğŸ’¥ Psychedelic therapy isn't one-size-fits-all. HTR2A variants change your risk of panic or psychosis. #Psychedelics #MDMAtherapy
3/21/26,"ğŸŒ Global genomic testing could return $13,000/year per person in better food, meds, and health. Let's scale it. #HealthJustice"
3/22/26,ğŸ§¬ Did you know? MTHFR mutations can impair detox & neurotransmitter balance. One test can change your recovery path. #MTHFR #GenomicHealth
3/23/26,"ğŸš« SSRIs not working? You might carry the SLC6A4 short allele, linked to poor serotonin reuptake. Test, don't guess. #MentalHealth #GeneAware"
3/24/26,ğŸ¥¦ Nutrigenomics 101: COMT Met/Met = emotional flooding. Target with methyl donors like SAM-e. #Biohacking #PrecisionNutrition
3/25/26,âš–ï¸ FAAH gene variants enhance reward sensitivity â€“ making addiction recovery harder. Genomics offers a better way. #AddictionRecovery
3/26/26,ğŸ’Š CYP2D6 poor metabolizers are at risk of opioid overdose. Shouldn't we be screening before prescribing? #Pharmacogenomics
3/27/26,ğŸ§  Low BDNF = Poor neuroplasticity. Therapy not sticking? Your genes might hold the key. #MentalWellness #TraumaInformed
3/28/26,ğŸ’¡ COMT + MAOA mutations? Youâ€™re built like a dopamine rocket. Learn to steer it. #ADHD #Neurodivergent
3/29/26,ğŸ“ˆ Implementing genomic triage could reduce stimulant relapse by 40%. Ready for smarter policy? #PublicHealth #Genomics
3/30/26,ğŸ’¥ Psychedelic therapy isn't one-size-fits-all. HTR2A variants change your risk of panic or psychosis. #Psychedelics #MDMAtherapy
3/31/26,"ğŸŒ Global genomic testing could return $13,000/year per person in better food, meds, and health. Let's scale it. #HealthJustice"
4/1/26,ğŸ§¬ Did you know? MTHFR mutations can impair detox & neurotransmitter balance. One test can change your recovery path. #MTHFR #GenomicHealth
4/2/26,"ğŸš« SSRIs not working? You might carry the SLC6A4 short allele, linked to poor serotonin reuptake. Test, don't guess. #MentalHealth #GeneAware"
4/3/26,ğŸ¥¦ Nutrigenomics 101: COMT Met/Met = emotional flooding. Target with methyl donors like SAM-e. #Biohacking #PrecisionNutrition
4/4/26,âš–ï¸ FAAH gene variants enhance reward sensitivity â€“ making addiction recovery harder. Genomics offers a better way. #AddictionRecovery
4/5/26,ğŸ’Š CYP2D6 poor metabolizers are at risk of opioid overdose. Shouldn't we be screening before prescribing? #Pharmacogenomics
4/6/26,ğŸ§  Low BDNF = Poor neuroplasticity. Therapy not sticking? Your genes might hold the key. #MentalWellness #TraumaInformed
4/7/26,ğŸ’¡ COMT + MAOA mutations? Youâ€™re built like a dopamine rocket. Learn to steer it. #ADHD #Neurodivergent
4/8/26,ğŸ“ˆ Implementing genomic triage could reduce stimulant relapse by 40%. Ready for smarter policy? #PublicHealth #Genomics
4/9/26,ğŸ’¥ Psychedelic therapy isn't one-size-fits-all. HTR2A variants change your risk of panic or psychosis. #Psychedelics #MDMAtherapy
4/10/26,"ğŸŒ Global genomic testing could return $13,000/year per person in better food, meds, and health. Let's scale it. #HealthJustice"
4/11/26,ğŸ§¬ Did you know? MTHFR mutations can impair detox & neurotransmitter balance. One test can change your recovery path. #MTHFR #GenomicHealth
4/12/26,"ğŸš« SSRIs not working? You might carry the SLC6A4 short allele, linked to poor serotonin reuptake. Test, don't guess. #MentalHealth #GeneAware"
4/13/26,ğŸ¥¦ Nutrigenomics 101: COMT Met/Met = emotional flooding. Target with methyl donors like SAM-e. #Biohacking #PrecisionNutrition
4/14/26,âš–ï¸ FAAH gene variants enhance reward sensitivity â€“ making addiction recovery harder. Genomics offers a better way. #AddictionRecovery
4/15/26,ğŸ’Š CYP2D6 poor metabolizers are at risk of opioid overdose. Shouldn't we be screening before prescribing? #Pharmacogenomics
4/16/26,ğŸ§  Low BDNF = Poor neuroplasticity. Therapy not sticking? Your genes might hold the key. #MentalWellness #TraumaInformed
4/17/26,ğŸ’¡ COMT + MAOA mutations? Youâ€™re built like a dopamine rocket. Learn to steer it. #ADHD #Neurodivergent
4/18/26,ğŸ“ˆ Implementing genomic triage could reduce stimulant relapse by 40%. Ready for smarter policy? #PublicHealth #Genomics
4/19/26,ğŸ’¥ Psychedelic therapy isn't one-size-fits-all. HTR2A variants change your risk of panic or psychosis. #Psychedelics #MDMAtherapy
4/20/26,"ğŸŒ Global genomic testing could return $13,000/year per person in better food, meds, and health. Let's scale it. #HealthJustice"
4/21/26,ğŸ§¬ Did you know? MTHFR mutations can impair detox & neurotransmitter balance. One test can change your recovery path. #MTHFR #GenomicHealth
4/22/26,"ğŸš« SSRIs not working? You might carry the SLC6A4 short allele, linked to poor serotonin reuptake. Test, don't guess. #MentalHealth #GeneAware"
4/23/26,ğŸ¥¦ Nutrigenomics 101: COMT Met/Met = emotional flooding. Target with methyl donors like SAM-e. #Biohacking #PrecisionNutrition
4/24/26,âš–ï¸ FAAH gene variants enhance reward sensitivity â€“ making addiction recovery harder. Genomics offers a better way. #AddictionRecovery
4/25/26,ğŸ’Š CYP2D6 poor metabolizers are at risk of opioid overdose. Shouldn't we be screening before prescribing? #Pharmacogenomics
4/26/26,ğŸ§  Low BDNF = Poor neuroplasticity. Therapy not sticking? Your genes might hold the key. #MentalWellness #TraumaInformed
4/27/26,ğŸ’¡ COMT + MAOA mutations? Youâ€™re built like a dopamine rocket. Learn to steer it. #ADHD #Neurodivergent
4/28/26,ğŸ“ˆ Implementing genomic triage could reduce stimulant relapse by 40%. Ready for smarter policy? #PublicHealth #Genomics
4/29/26,ğŸ’¥ Psychedelic therapy isn't one-size-fits-all. HTR2A variants change your risk of panic or psychosis. #Psychedelics #MDMAtherapy
4/30/26,"ğŸŒ Global genomic testing could return $13,000/year per person in better food, meds, and health. Let's scale it. #HealthJustice"
5/1/26,ğŸ§¬ Did you know? MTHFR mutations can impair detox & neurotransmitter balance. One test can change your recovery path. #MTHFR #GenomicHealth
5/2/26,"ğŸš« SSRIs not working? You might carry the SLC6A4 short allele, linked to poor serotonin reuptake. Test, don't guess. #MentalHealth #GeneAware"
5/3/26,ğŸ¥¦ Nutrigenomics 101: COMT Met/Met = emotional flooding. Target with methyl donors like SAM-e. #Biohacking #PrecisionNutrition
5/4/26,âš–ï¸ FAAH gene variants enhance reward sensitivity â€“ making addiction recovery harder. Genomics offers a better way. #AddictionRecovery
5/5/26,ğŸ’Š CYP2D6 poor metabolizers are at risk of opioid overdose. Shouldn't we be screening before prescribing? #Pharmacogenomics
5/6/26,ğŸ§  Low BDNF = Poor neuroplasticity. Therapy not sticking? Your genes might hold the key. #MentalWellness #TraumaInformed
5/7/26,ğŸ’¡ COMT + MAOA mutations? Youâ€™re built like a dopamine rocket. Learn to steer it. #ADHD #Neurodivergent
5/8/26,ğŸ“ˆ Implementing genomic triage could reduce stimulant relapse by 40%. Ready for smarter policy? #PublicHealth #Genomics
5/9/26,ğŸ’¥ Psychedelic therapy isn't one-size-fits-all. HTR2A variants change your risk of panic or psychosis. #Psychedelics #MDMAtherapy
5/10/26,"ğŸŒ Global genomic testing could return $13,000/year per person in better food, meds, and health. Let's scale it. #HealthJustice"
5/11/26,ğŸ§¬ Did you know? MTHFR mutations can impair detox & neurotransmitter balance. One test can change your recovery path. #MTHFR #GenomicHealth
5/12/26,"ğŸš« SSRIs not working? You might carry the SLC6A4 short allele, linked to poor serotonin reuptake. Test, don't guess. #MentalHealth #GeneAware"
5/13/26,ğŸ¥¦ Nutrigenomics 101: COMT Met/Met = emotional flooding. Target with methyl donors like SAM-e. #Biohacking #PrecisionNutrition
5/14/26,âš–ï¸ FAAH gene variants enhance reward sensitivity â€“ making addiction recovery harder. Genomics offers a better way. #AddictionRecovery
5/15/26,ğŸ’Š CYP2D6 poor metabolizers are at risk of opioid overdose. Shouldn't we be screening before prescribing? #Pharmacogenomics
5/16/26,ğŸ§  Low BDNF = Poor neuroplasticity. Therapy not sticking? Your genes might hold the key. #MentalWellness #TraumaInformed
5/17/26,ğŸ’¡ COMT + MAOA mutations? Youâ€™re built like a dopamine rocket. Learn to steer it. #ADHD #Neurodivergent
5/18/26,ğŸ“ˆ Implementing genomic triage could reduce stimulant relapse by 40%. Ready for smarter policy? #PublicHealth #Genomics
5/19/26,ğŸ’¥ Psychedelic therapy isn't one-size-fits-all. HTR2A variants change your risk of panic or psychosis. #Psychedelics #MDMAtherapy
5/20/26,"ğŸŒ Global genomic testing could return $13,000/year per person in better food, meds, and health. Let's scale it. #HealthJustice"
5/21/26,ğŸ§¬ Did you know? MTHFR mutations can impair detox & neurotransmitter balance. One test can change your recovery path. #MTHFR #GenomicHealth
5/22/26,"ğŸš« SSRIs not working? You might carry the SLC6A4 short allele, linked to poor serotonin reuptake. Test, don't guess. #MentalHealth #GeneAware"
5/23/26,ğŸ¥¦ Nutrigenomics 101: COMT Met/Met = emotional flooding. Target with methyl donors like SAM-e. #Biohacking #PrecisionNutrition
5/24/26,âš–ï¸ FAAH gene variants enhance reward sensitivity â€“ making addiction recovery harder. Genomics offers a better way. #AddictionRecovery
5/25/26,ğŸ’Š CYP2D6 poor metabolizers are at risk of opioid overdose. Shouldn't we be screening before prescribing? #Pharmacogenomics
5/26/26,ğŸ§  Low BDNF = Poor neuroplasticity. Therapy not sticking? Your genes might hold the key. #MentalWellness #TraumaInformed
5/27/26,ğŸ’¡ COMT + MAOA mutations? Youâ€™re built like a dopamine rocket. Learn to steer it. #ADHD #Neurodivergent
5/28/26,ğŸ“ˆ Implementing genomic triage could reduce stimulant relapse by 40%. Ready for smarter policy? #PublicHealth #Genomics
5/29/26,ğŸ’¥ Psychedelic therapy isn't one-size-fits-all. HTR2A variants change your risk of panic or psychosis. #Psychedelics #MDMAtherapy
5/30/26,"ğŸŒ Global genomic testing could return $13,000/year per person in better food, meds, and health. Let's scale it. #HealthJustice"
5/31/26,ğŸ§¬ Did you know? MTHFR mutations can impair detox & neurotransmitter balance. One test can change your recovery path. #MTHFR #GenomicHealth
6/1/26,"ğŸš« SSRIs not working? You might carry the SLC6A4 short allele, linked to poor serotonin reuptake. Test, don't guess. #MentalHealth #GeneAware"
6/2/26,ğŸ¥¦ Nutrigenomics 101: COMT Met/Met = emotional flooding. Target with methyl donors like SAM-e. #Biohacking #PrecisionNutrition
6/3/26,âš–ï¸ FAAH gene variants enhance reward sensitivity â€“ making addiction recovery harder. Genomics offers a better way. #AddictionRecovery
6/4/26,ğŸ’Š CYP2D6 poor metabolizers are at risk of opioid overdose. Shouldn't we be screening before prescribing? #Pharmacogenomics
6/5/26,ğŸ§  Low BDNF = Poor neuroplasticity. Therapy not sticking? Your genes might hold the key. #MentalWellness #TraumaInformed
6/6/26,ğŸ’¡ COMT + MAOA mutations? Youâ€™re built like a dopamine rocket. Learn to steer it. #ADHD #Neurodivergent
6/7/26,ğŸ“ˆ Implementing genomic triage could reduce stimulant relapse by 40%. Ready for smarter policy? #PublicHealth #Genomics
6/8/26,ğŸ’¥ Psychedelic therapy isn't one-size-fits-all. HTR2A variants change your risk of panic or psychosis. #Psychedelics #MDMAtherapy
6/9/26,"ğŸŒ Global genomic testing could return $13,000/year per person in better food, meds, and health. Let's scale it. #HealthJustice"
6/10/26,ğŸ§¬ Did you know? MTHFR mutations can impair detox & neurotransmitter balance. One test can change your recovery path. #MTHFR #GenomicHealth
6/11/26,"ğŸš« SSRIs not working? You might carry the SLC6A4 short allele, linked to poor serotonin reuptake. Test, don't guess. #MentalHealth #GeneAware"
6/12/26,ğŸ¥¦ Nutrigenomics 101: COMT Met/Met = emotional flooding. Target with methyl donors like SAM-e. #Biohacking #PrecisionNutrition
6/13/26,âš–ï¸ FAAH gene variants enhance reward sensitivity â€“ making addiction recovery harder. Genomics offers a better way. #AddictionRecovery
6/14/26,ğŸ’Š CYP2D6 poor metabolizers are at risk of opioid overdose. Shouldn't we be screening before prescribing? #Pharmacogenomics
6/15/26,ğŸ§  Low BDNF = Poor neuroplasticity. Therapy not sticking? Your genes might hold the key. #MentalWellness #TraumaInformed
6/16/26,ğŸ’¡ COMT + MAOA mutations? Youâ€™re built like a dopamine rocket. Learn to steer it. #ADHD #Neurodivergent
6/17/26,ğŸ“ˆ Implementing genomic triage could reduce stimulant relapse by 40%. Ready for smarter policy? #PublicHealth #Genomics
6/18/26,ğŸ’¥ Psychedelic therapy isn't one-size-fits-all. HTR2A variants change your risk of panic or psychosis. #Psychedelics #MDMAtherapy
6/19/26,"ğŸŒ Global genomic testing could return $13,000/year per person in better food, meds, and health. Let's scale it. #HealthJustice"
6/20/26,ğŸ§¬ Did you know? MTHFR mutations can impair detox & neurotransmitter balance. One test can change your recovery path. #MTHFR #GenomicHealth
6/21/26,"ğŸš« SSRIs not working? You might carry the SLC6A4 short allele, linked to poor serotonin reuptake. Test, don't guess. #MentalHealth #GeneAware"
6/22/26,ğŸ¥¦ Nutrigenomics 101: COMT Met/Met = emotional flooding. Target with methyl donors like SAM-e. #Biohacking #PrecisionNutrition
6/23/26,âš–ï¸ FAAH gene variants enhance reward sensitivity â€“ making addiction recovery harder. Genomics offers a better way. #AddictionRecovery
6/24/26,ğŸ’Š CYP2D6 poor metabolizers are at risk of opioid overdose. Shouldn't we be screening before prescribing? #Pharmacogenomics
6/25/26,ğŸ§  Low BDNF = Poor neuroplasticity. Therapy not sticking? Your genes might hold the key. #MentalWellness #TraumaInformed
6/26/26,ğŸ’¡ COMT + MAOA mutations? Youâ€™re built like a dopamine rocket. Learn to steer it. #ADHD #Neurodivergent
6/27/26,ğŸ“ˆ Implementing genomic triage could reduce stimulant relapse by 40%. Ready for smarter policy? #PublicHealth #Genomics
6/28/26,ğŸ’¥ Psychedelic therapy isn't one-size-fits-all. HTR2A variants change your risk of panic or psychosis. #Psychedelics #MDMAtherapy
6/29/26,"ğŸŒ Global genomic testing could return $13,000/year per person in better food, meds, and health. Let's scale it. #HealthJustice"
6/30/26,ğŸ§¬ Did you know? MTHFR mutations can impair detox & neurotransmitter balance. One test can change your recovery path. #MTHFR #GenomicHealth
7/1/26,"ğŸš« SSRIs not working? You might carry the SLC6A4 short allele, linked to poor serotonin reuptake. Test, don't guess. #MentalHealth #GeneAware"
7/2/26,ğŸ¥¦ Nutrigenomics 101: COMT Met/Met = emotional flooding. Target with methyl donors like SAM-e. #Biohacking #PrecisionNutrition
7/3/26,âš–ï¸ FAAH gene variants enhance reward sensitivity â€“ making addiction recovery harder. Genomics offers a better way. #AddictionRecovery
7/4/26,ğŸ’Š CYP2D6 poor metabolizers are at risk of opioid overdose. Shouldn't we be screening before prescribing? #Pharmacogenomics
7/5/26,ğŸ§  Low BDNF = Poor neuroplasticity. Therapy not sticking? Your genes might hold the key. #MentalWellness #TraumaInformed
7/6/26,ğŸ’¡ COMT + MAOA mutations? Youâ€™re built like a dopamine rocket. Learn to steer it. #ADHD #Neurodivergent
7/7/26,ğŸ“ˆ Implementing genomic triage could reduce stimulant relapse by 40%. Ready for smarter policy? #PublicHealth #Genomics
7/8/26,ğŸ’¥ Psychedelic therapy isn't one-size-fits-all. HTR2A variants change your risk of panic or psychosis. #Psychedelics #MDMAtherapy
7/9/26,"ğŸŒ Global genomic testing could return $13,000/year per person in better food, meds, and health. Let's scale it. #HealthJustice"
7/10/26,ğŸ§¬ Did you know? MTHFR mutations can impair detox & neurotransmitter balance. One test can change your recovery path. #MTHFR #GenomicHealth
7/11/26,"ğŸš« SSRIs not working? You might carry the SLC6A4 short allele, linked to poor serotonin reuptake. Test, don't guess. #MentalHealth #GeneAware"
7/12/26,ğŸ¥¦ Nutrigenomics 101: COMT Met/Met = emotional flooding. Target with methyl donors like SAM-e. #Biohacking #PrecisionNutrition
7/13/26,âš–ï¸ FAAH gene variants enhance reward sensitivity â€“ making addiction recovery harder. Genomics offers a better way. #AddictionRecovery
7/14/26,ğŸ’Š CYP2D6 poor metabolizers are at risk of opioid overdose. Shouldn't we be screening before prescribing? #Pharmacogenomics